"run_id","event_id","run_type","service","target","fault_type","intensity","start_time","end_time","baseline_start","baseline_end","observe_end","expected_fault_window_start","expected_fault_window_end","status","notes"
"run_001","event_01","single_fault_serial","carts","carts-b6c5c87f9-7j9ch","kill","-","2026-06-16 14:54:01","2026-06-16 14:55:32","2026-06-16 14:46:01","2026-06-16 14:54:01","2026-06-16 14:56:01","2026-06-16 14:54:01","2026-06-16 14:55:01","executed","标准轮 1：5 服务 kill + 5 服务 pause + 5 服务 kill，带轻微随机顺序和事件间隔抖动"
"run_001","event_02","single_fault_serial","orders","orders-6cfcf6794c-8kqmf","kill","-","2026-06-16 14:56:50","2026-06-16 14:58:21","2026-06-16 14:46:01","2026-06-16 14:54:01","2026-06-16 14:58:19","2026-06-16 14:56:19","2026-06-16 14:57:19","executed","标准轮 1：5 服务 kill + 5 服务 pause + 5 服务 kill，带轻微随机顺序和事件间隔抖动"
"run_001","event_13","single_fault_serial","front-end","front-end-87ff7b849-8dwps","kill","-","2026-06-16 15:00:07","2026-06-16 15:01:39","2026-06-16 14:46:01","2026-06-16 14:54:01","2026-06-16 15:01:05","2026-06-16 14:59:05","2026-06-16 15:00:05","executed","标准轮 1：5 服务 kill + 5 服务 pause + 5 服务 kill，带轻微随机顺序和事件间隔抖动"
"run_001","event_12","single_fault_serial","orders","orders-6cfcf6794c-dp2hs","kill","-","2026-06-16 15:03:19","2026-06-16 15:04:50","2026-06-16 14:46:01","2026-06-16 14:54:01","2026-06-16 15:03:45","2026-06-16 15:01:45","2026-06-16 15:02:45","executed","标准轮 1：5 服务 kill + 5 服务 pause + 5 服务 kill，带轻微随机顺序和事件间隔抖动"
"run_001","event_14","single_fault_serial","catalogue","catalogue-744d46f784-rmh7n","kill","-","2026-06-16 15:06:03","2026-06-16 15:07:03","2026-06-16 14:46:01","2026-06-16 14:54:01","2026-06-16 15:05:58","2026-06-16 15:03:58","2026-06-16 15:04:58","executed","标准轮 1：5 服务 kill + 5 服务 pause + 5 服务 kill，带轻微随机顺序和事件间隔抖动"
"run_001","event_09","single_fault_serial","catalogue","catalogue-744d46f784-nlsnl","pause","60s","2026-06-16 15:08:48","2026-06-16 15:09:48","2026-06-16 14:46:01","2026-06-16 14:54:01","2026-06-16 15:08:42","2026-06-16 15:06:42","2026-06-16 15:07:42","executed","标准轮 1：5 服务 kill + 5 服务 pause + 5 服务 kill，带轻微随机顺序和事件间隔抖动"
"run_001","event_05","single_fault_serial","user","user-9c64594b7-lgzvb","kill","-","2026-06-16 15:11:12","2026-06-16 15:12:13","2026-06-16 14:46:01","2026-06-16 14:54:01","2026-06-16 15:11:06","2026-06-16 15:09:06","2026-06-16 15:10:06","executed","标准轮 1：5 服务 kill + 5 服务 pause + 5 服务 kill，带轻微随机顺序和事件间隔抖动"
"run_001","event_08","single_fault_serial","front-end","front-end-87ff7b849-q67hx","pause","60s","2026-06-16 15:13:36","2026-06-16 15:14:36","2026-06-16 14:46:01","2026-06-16 14:54:01","2026-06-16 15:13:29","2026-06-16 15:11:29","2026-06-16 15:12:29","executed","标准轮 1：5 服务 kill + 5 服务 pause + 5 服务 kill，带轻微随机顺序和事件间隔抖动"
"run_001","event_06","single_fault_serial","carts","carts-b6c5c87f9-5wwnj","pause","60s","2026-06-16 15:15:58","2026-06-16 15:16:59","2026-06-16 14:46:01","2026-06-16 14:54:01","2026-06-16 15:15:51","2026-06-16 15:13:51","2026-06-16 15:14:51","executed","标准轮 1：5 服务 kill + 5 服务 pause + 5 服务 kill，带轻微随机顺序和事件间隔抖动"
"run_001","event_04","single_fault_serial","catalogue","catalogue-744d46f784-nlsnl","kill","-","2026-06-16 15:18:09","2026-06-16 15:19:09","2026-06-16 14:46:01","2026-06-16 14:54:01","2026-06-16 15:18:01","2026-06-16 15:16:01","2026-06-16 15:17:01","executed","标准轮 1：5 服务 kill + 5 服务 pause + 5 服务 kill，带轻微随机顺序和事件间隔抖动"
"run_001","event_11","single_fault_serial","carts","carts-b6c5c87f9-5wwnj","kill","-","2026-06-16 15:20:38","2026-06-16 15:22:09","2026-06-16 14:46:01","2026-06-16 14:54:01","2026-06-16 15:20:30","2026-06-16 15:18:30","2026-06-16 15:19:30","executed","标准轮 1：5 服务 kill + 5 服务 pause + 5 服务 kill，带轻微随机顺序和事件间隔抖动"
"run_001","event_10","single_fault_serial","user","user-9c64594b7-p9phw","pause","60s","2026-06-16 15:23:26","2026-06-16 15:24:26","2026-06-16 14:46:01","2026-06-16 14:54:01","2026-06-16 15:22:46","2026-06-16 15:20:46","2026-06-16 15:21:46","executed","标准轮 1：5 服务 kill + 5 服务 pause + 5 服务 kill，带轻微随机顺序和事件间隔抖动"
"run_001","event_03","single_fault_serial","front-end","front-end-87ff7b849-q67hx","kill","-","2026-06-16 15:25:51","2026-06-16 15:27:22","2026-06-16 14:46:01","2026-06-16 14:54:01","2026-06-16 15:25:11","2026-06-16 15:23:11","2026-06-16 15:24:11","executed","标准轮 1：5 服务 kill + 5 服务 pause + 5 服务 kill，带轻微随机顺序和事件间隔抖动"
"run_001","event_07","single_fault_serial","orders","orders-6cfcf6794c-wdswx","pause","60s","2026-06-16 15:29:07","2026-06-16 15:30:07","2026-06-16 14:46:01","2026-06-16 14:54:01","2026-06-16 15:27:56","2026-06-16 15:25:56","2026-06-16 15:26:56","executed","标准轮 1：5 服务 kill + 5 服务 pause + 5 服务 kill，带轻微随机顺序和事件间隔抖动"
"run_001","event_15","single_fault_serial","user","user-9c64594b7-p9phw","kill","-","2026-06-16 15:31:34","2026-06-16 15:32:35","2026-06-16 14:46:01","2026-06-16 14:54:01","2026-06-16 15:30:23","2026-06-16 15:28:23","2026-06-16 15:29:23","executed","标准轮 1：5 服务 kill + 5 服务 pause + 5 服务 kill，带轻微随机顺序和事件间隔抖动"
"run_002","event_12","single_fault_serial","orders","orders-6cfcf6794c-wdswx","kill","-","2026-06-16 21:10:14","2026-06-16 21:11:46","2026-06-16 21:02:14","2026-06-16 21:10:14","2026-06-16 21:12:14","2026-06-16 21:10:14","2026-06-16 21:11:14","executed","标准轮 2：run_001 的重复轮，用于稳定性分析"
"run_002","event_02","single_fault_serial","orders","orders-6cfcf6794c-q9l4x","kill","-","2026-06-16 21:13:08","2026-06-16 21:14:39","2026-06-16 21:02:14","2026-06-16 21:10:14","2026-06-16 21:14:36","2026-06-16 21:12:36","2026-06-16 21:13:36","executed","标准轮 2：run_001 的重复轮，用于稳定性分析"
"run_002","event_08","single_fault_serial","front-end","front-end-87ff7b849-tlpz4","pause","60s","2026-06-16 21:16:04","2026-06-16 21:17:05","2026-06-16 21:02:14","2026-06-16 21:10:14","2026-06-16 21:17:01","2026-06-16 21:15:01","2026-06-16 21:16:01","executed","标准轮 2：run_001 的重复轮，用于稳定性分析"
"run_002","event_06","single_fault_serial","carts","carts-b6c5c87f9-zw2tt","pause","60s","2026-06-16 21:18:46","2026-06-16 21:19:46","2026-06-16 21:02:14","2026-06-16 21:10:14","2026-06-16 21:19:42","2026-06-16 21:17:42","2026-06-16 21:18:42","executed","标准轮 2：run_001 的重复轮，用于稳定性分析"
"run_002","event_09","single_fault_serial","catalogue","catalogue-744d46f784-ng2ll","pause","60s","2026-06-16 21:21:36","2026-06-16 21:22:37","2026-06-16 21:02:14","2026-06-16 21:10:14","2026-06-16 21:22:32","2026-06-16 21:20:32","2026-06-16 21:21:32","executed","标准轮 2：run_001 的重复轮，用于稳定性分析"
"run_002","event_10","single_fault_serial","user","user-9c64594b7-9nm7m","pause","60s","2026-06-16 21:24:26","2026-06-16 21:25:26","2026-06-16 21:02:14","2026-06-16 21:10:14","2026-06-16 21:25:21","2026-06-16 21:23:21","2026-06-16 21:24:21","executed","标准轮 2：run_001 的重复轮，用于稳定性分析"
"run_002","event_03","single_fault_serial","front-end","front-end-87ff7b849-tlpz4","kill","-","2026-06-16 21:27:09","2026-06-16 21:28:41","2026-06-16 21:02:14","2026-06-16 21:10:14","2026-06-16 21:28:04","2026-06-16 21:26:04","2026-06-16 21:27:04","executed","标准轮 2：run_001 的重复轮，用于稳定性分析"
"run_002","event_13","single_fault_serial","front-end","front-end-87ff7b849-ddkc6","kill","-","2026-06-16 21:30:03","2026-06-16 21:31:34","2026-06-16 21:02:14","2026-06-16 21:10:14","2026-06-16 21:30:26","2026-06-16 21:28:26","2026-06-16 21:29:26","executed","标准轮 2：run_001 的重复轮，用于稳定性分析"
"run_002","event_04","single_fault_serial","catalogue","catalogue-744d46f784-ng2ll","kill","-","2026-06-16 21:33:09","2026-06-16 21:34:09","2026-06-16 21:02:14","2026-06-16 21:10:14","2026-06-16 21:33:01","2026-06-16 21:31:01","2026-06-16 21:32:01","executed","标准轮 2：run_001 的重复轮，用于稳定性分析"
"run_002","event_05","single_fault_serial","user","user-9c64594b7-9nm7m","kill","-","2026-06-16 21:35:39","2026-06-16 21:36:40","2026-06-16 21:02:14","2026-06-16 21:10:14","2026-06-16 21:35:31","2026-06-16 21:33:31","2026-06-16 21:34:31","executed","标准轮 2：run_001 的重复轮，用于稳定性分析"
"run_002","event_07","single_fault_serial","orders","orders-6cfcf6794c-kz8lc","pause","60s","2026-06-16 21:38:20","2026-06-16 21:39:20","2026-06-16 21:02:14","2026-06-16 21:10:14","2026-06-16 21:38:11","2026-06-16 21:36:11","2026-06-16 21:37:11","executed","标准轮 2：run_001 的重复轮，用于稳定性分析"
"run_002","event_15","single_fault_serial","user","user-9c64594b7-wv4tx","kill","-","2026-06-16 21:40:39","2026-06-16 21:41:39","2026-06-16 21:02:14","2026-06-16 21:10:14","2026-06-16 21:40:29","2026-06-16 21:38:29","2026-06-16 21:39:29","executed","标准轮 2：run_001 的重复轮，用于稳定性分析"
"run_002","event_14","single_fault_serial","catalogue","catalogue-744d46f784-jm749","kill","-","2026-06-16 21:43:16","2026-06-16 21:44:17","2026-06-16 21:02:14","2026-06-16 21:10:14","2026-06-16 21:43:06","2026-06-16 21:41:06","2026-06-16 21:42:06","executed","标准轮 2：run_001 的重复轮，用于稳定性分析"
"run_002","event_01","single_fault_serial","carts","carts-b6c5c87f9-zw2tt","kill","-","2026-06-16 21:45:56","2026-06-16 21:47:27","2026-06-16 21:02:14","2026-06-16 21:10:14","2026-06-16 21:45:45","2026-06-16 21:43:45","2026-06-16 21:44:45","executed","标准轮 2：run_001 的重复轮，用于稳定性分析"
"run_002","event_11","single_fault_serial","carts","carts-b6c5c87f9-2ncjh","kill","-","2026-06-16 21:48:39","2026-06-16 21:50:10","2026-06-16 21:02:14","2026-06-16 21:10:14","2026-06-16 21:47:57","2026-06-16 21:45:57","2026-06-16 21:46:57","executed","标准轮 2：run_001 的重复轮，用于稳定性分析"
"run_003","event_05","single_fault_serial","user","user-9c64594b7-vslxt","kill","-","2026-06-16 22:04:17","2026-06-16 22:05:18","2026-06-16 21:56:17","2026-06-16 22:04:17","2026-06-16 22:06:17","2026-06-16 22:04:17","2026-06-16 22:05:17","executed","标准轮 3：15 次 kill，模拟更密集的实例级故障"
"run_003","event_06","single_fault_serial","carts","carts-b6c5c87f9-2kdsz","kill","-","2026-06-16 22:07:11","2026-06-16 22:08:43","2026-06-16 21:56:17","2026-06-16 22:04:17","2026-06-16 22:09:10","2026-06-16 22:07:10","2026-06-16 22:08:10","executed","标准轮 3：15 次 kill，模拟更密集的实例级故障"
"run_003","event_08","single_fault_serial","front-end","front-end-87ff7b849-lw9zn","kill","-","2026-06-16 22:10:41","2026-06-16 22:12:12","2026-06-16 21:56:17","2026-06-16 22:04:17","2026-06-16 22:12:08","2026-06-16 22:10:08","2026-06-16 22:11:08","executed","标准轮 3：15 次 kill，模拟更密集的实例级故障"
"run_003","event_13","single_fault_serial","front-end","front-end-87ff7b849-pphwr","kill","-","2026-06-16 22:13:46","2026-06-16 22:15:17","2026-06-16 21:56:17","2026-06-16 22:04:17","2026-06-16 22:14:42","2026-06-16 22:12:42","2026-06-16 22:13:42","executed","标准轮 3：15 次 kill，模拟更密集的实例级故障"
"run_003","event_02","single_fault_serial","orders","orders-6cfcf6794c-kz8lc","kill","-","2026-06-16 22:16:50","2026-06-16 22:18:21","2026-06-16 21:56:17","2026-06-16 22:04:17","2026-06-16 22:17:15","2026-06-16 22:15:15","2026-06-16 22:16:15","executed","标准轮 3：15 次 kill，模拟更密集的实例级故障"
"run_003","event_10","single_fault_serial","user","user-9c64594b7-fk5qj","kill","-","2026-06-16 22:19:54","2026-06-16 22:20:55","2026-06-16 21:56:17","2026-06-16 22:04:17","2026-06-16 22:19:48","2026-06-16 22:17:48","2026-06-16 22:18:48","executed","标准轮 3：15 次 kill，模拟更密集的实例级故障"
"run_003","event_12","single_fault_serial","orders","orders-6cfcf6794c-jf9nt","kill","-","2026-06-16 22:22:42","2026-06-16 22:24:13","2026-06-16 21:56:17","2026-06-16 22:04:17","2026-06-16 22:22:35","2026-06-16 22:20:35","2026-06-16 22:21:35","executed","标准轮 3：15 次 kill，模拟更密集的实例级故障"
"run_003","event_04","single_fault_serial","catalogue","catalogue-744d46f784-zlxwq","kill","-","2026-06-16 22:26:06","2026-06-16 22:27:07","2026-06-16 21:56:17","2026-06-16 22:04:17","2026-06-16 22:25:28","2026-06-16 22:23:28","2026-06-16 22:24:28","executed","标准轮 3：15 次 kill，模拟更密集的实例级故障"
"run_003","event_15","single_fault_serial","user","user-9c64594b7-r5sgl","kill","-","2026-06-16 22:29:05","2026-06-16 22:30:06","2026-06-16 21:56:17","2026-06-16 22:04:17","2026-06-16 22:28:26","2026-06-16 22:26:26","2026-06-16 22:27:26","executed","标准轮 3：15 次 kill，模拟更密集的实例级故障"
"run_003","event_01","single_fault_serial","carts","carts-b6c5c87f9-pp9lq","kill","-","2026-06-16 22:31:47","2026-06-16 22:33:18","2026-06-16 21:56:17","2026-06-16 22:04:17","2026-06-16 22:31:07","2026-06-16 22:29:07","2026-06-16 22:30:07","executed","标准轮 3：15 次 kill，模拟更密集的实例级故障"
"run_003","event_03","single_fault_serial","front-end","front-end-87ff7b849-qmz59","kill","-","2026-06-16 22:35:06","2026-06-16 22:36:38","2026-06-16 21:56:17","2026-06-16 22:04:17","2026-06-16 22:33:55","2026-06-16 22:31:55","2026-06-16 22:32:55","executed","标准轮 3：15 次 kill，模拟更密集的实例级故障"
"run_003","event_14","single_fault_serial","catalogue","catalogue-744d46f784-gcn2j","kill","-","2026-06-16 22:38:16","2026-06-16 22:39:16","2026-06-16 21:56:17","2026-06-16 22:04:17","2026-06-16 22:36:33","2026-06-16 22:34:33","2026-06-16 22:35:33","executed","标准轮 3：15 次 kill，模拟更密集的实例级故障"
"run_003","event_11","single_fault_serial","carts","carts-b6c5c87f9-zx7cn","kill","-","2026-06-16 22:41:05","2026-06-16 22:42:36","2026-06-16 21:56:17","2026-06-16 22:04:17","2026-06-16 22:39:21","2026-06-16 22:37:21","2026-06-16 22:38:21","executed","标准轮 3：15 次 kill，模拟更密集的实例级故障"
"run_003","event_09","single_fault_serial","catalogue","catalogue-744d46f784-w6rnm","kill","-","2026-06-16 22:44:18","2026-06-16 22:45:19","2026-06-16 21:56:17","2026-06-16 22:04:17","2026-06-16 22:42:03","2026-06-16 22:40:03","2026-06-16 22:41:03","executed","标准轮 3：15 次 kill，模拟更密集的实例级故障"
"run_003","event_07","single_fault_serial","orders","orders-6cfcf6794c-4t7jg","kill","-","2026-06-16 22:47:03","2026-06-16 22:48:34","2026-06-16 21:56:17","2026-06-16 22:04:17","2026-06-16 22:44:47","2026-06-16 22:42:47","2026-06-16 22:43:47","executed","标准轮 3：15 次 kill，模拟更密集的实例级故障"
"run_004","event_01","single_fault_serial","carts","carts-b6c5c87f9-6pzz9","kill","-","2026-06-16 23:02:11","2026-06-16 23:03:42","2026-06-16 22:54:11","2026-06-16 23:02:11","2026-06-16 23:04:11","2026-06-16 23:02:11","2026-06-16 23:03:11","executed","标准轮 4：run_003 的重复轮，用于重复性检验"
"run_004","event_12","single_fault_serial","orders","orders-6cfcf6794c-qhwhc","kill","-","2026-06-16 23:05:14","2026-06-16 23:06:45","2026-06-16 22:54:11","2026-06-16 23:02:11","2026-06-16 23:06:43","2026-06-16 23:04:43","2026-06-16 23:05:43","executed","标准轮 4：run_003 的重复轮，用于重复性检验"
"run_004","event_04","single_fault_serial","catalogue","catalogue-744d46f784-fx46m","kill","-","2026-06-16 23:08:29","2026-06-16 23:09:30","2026-06-16 22:54:11","2026-06-16 23:02:11","2026-06-16 23:09:27","2026-06-16 23:07:27","2026-06-16 23:08:27","executed","标准轮 4：run_003 的重复轮，用于重复性检验"
"run_004","event_02","single_fault_serial","orders","orders-6cfcf6794c-g694s","kill","-","2026-06-16 23:11:02","2026-06-16 23:12:33","2026-06-16 22:54:11","2026-06-16 23:02:11","2026-06-16 23:11:59","2026-06-16 23:09:59","2026-06-16 23:10:59","executed","标准轮 4：run_003 的重复轮，用于重复性检验"
"run_004","event_05","single_fault_serial","user","user-9c64594b7-z7kzv","kill","-","2026-06-16 23:14:17","2026-06-16 23:15:18","2026-06-16 22:54:11","2026-06-16 23:02:11","2026-06-16 23:14:43","2026-06-16 23:12:43","2026-06-16 23:13:43","executed","标准轮 4：run_003 的重复轮，用于重复性检验"
"run_004","event_10","single_fault_serial","user","user-9c64594b7-hqtf9","kill","-","2026-06-16 23:17:09","2026-06-16 23:18:10","2026-06-16 22:54:11","2026-06-16 23:02:11","2026-06-16 23:17:34","2026-06-16 23:15:34","2026-06-16 23:16:34","executed","标准轮 4：run_003 的重复轮，用于重复性检验"
"run_004","event_15","single_fault_serial","user","user-9c64594b7-fqpnd","kill","-","2026-06-16 23:20:08","2026-06-16 23:21:08","2026-06-16 22:54:11","2026-06-16 23:02:11","2026-06-16 23:20:32","2026-06-16 23:18:32","2026-06-16 23:19:32","executed","标准轮 4：run_003 的重复轮，用于重复性检验"
"run_004","event_08","single_fault_serial","front-end","front-end-87ff7b849-84lpk","kill","-","2026-06-16 23:22:55","2026-06-16 23:24:26","2026-06-16 22:54:11","2026-06-16 23:02:11","2026-06-16 23:23:18","2026-06-16 23:21:18","2026-06-16 23:22:18","executed","标准轮 4：run_003 的重复轮，用于重复性检验"
"run_004","event_07","single_fault_serial","orders","orders-6cfcf6794c-x57z8","kill","-","2026-06-16 23:26:23","2026-06-16 23:27:54","2026-06-16 22:54:11","2026-06-16 23:02:11","2026-06-16 23:26:15","2026-06-16 23:24:15","2026-06-16 23:25:15","executed","标准轮 4：run_003 的重复轮，用于重复性检验"
"run_004","event_11","single_fault_serial","carts","carts-b6c5c87f9-5ffpc","kill","-","2026-06-16 23:29:35","2026-06-16 23:31:06","2026-06-16 22:54:11","2026-06-16 23:02:11","2026-06-16 23:28:56","2026-06-16 23:26:56","2026-06-16 23:27:56","executed","标准轮 4：run_003 的重复轮，用于重复性检验"
"run_004","event_13","single_fault_serial","front-end","front-end-87ff7b849-h9ff8","kill","-","2026-06-16 23:33:02","2026-06-16 23:34:33","2026-06-16 22:54:11","2026-06-16 23:02:11","2026-06-16 23:31:52","2026-06-16 23:29:52","2026-06-16 23:30:52","executed","标准轮 4：run_003 的重复轮，用于重复性检验"
"run_004","event_03","single_fault_serial","front-end","front-end-87ff7b849-qzlqs","kill","-","2026-06-16 23:36:30","2026-06-16 23:38:01","2026-06-16 22:54:11","2026-06-16 23:02:11","2026-06-16 23:34:48","2026-06-16 23:32:48","2026-06-16 23:33:48","executed","标准轮 4：run_003 的重复轮，用于重复性检验"
"run_004","event_06","single_fault_serial","carts","carts-b6c5c87f9-qmnm8","kill","-","2026-06-16 23:39:35","2026-06-16 23:41:06","2026-06-16 22:54:11","2026-06-16 23:02:11","2026-06-16 23:37:22","2026-06-16 23:35:22","2026-06-16 23:36:22","executed","标准轮 4：run_003 的重复轮，用于重复性检验"
"run_004","event_14","single_fault_serial","catalogue","catalogue-744d46f784-kdfz2","kill","-","2026-06-16 23:43:06","2026-06-16 23:44:07","2026-06-16 22:54:11","2026-06-16 23:02:11","2026-06-16 23:40:22","2026-06-16 23:38:22","2026-06-16 23:39:22","executed","标准轮 4：run_003 的重复轮，用于重复性检验"
"run_004","event_09","single_fault_serial","catalogue","catalogue-744d46f784-j65z4","kill","-","2026-06-16 23:45:43","2026-06-16 23:46:44","2026-06-16 22:54:11","2026-06-16 23:02:11","2026-06-16 23:42:58","2026-06-16 23:40:58","2026-06-16 23:41:58","executed","标准轮 4：run_003 的重复轮，用于重复性检验"
run_005,event_05,single_fault_serial,user,user-9c64594b7-ww7bs,pause,60s,2026-06-17 00:56:12,2026-06-17 00:57:12,2026-06-17 00:48:11,2026-06-17 00:56:11,2026-06-17 00:58:11,2026-06-17 00:56:11,2026-06-17 00:57:11,executed,标准轮 5：15 次 pause，模拟更长时间的服务冻结
run_005,event_11,single_fault_serial,carts,carts-b6c5c87f9-wc5zx,pause,75s,2026-06-17 00:58:46,2026-06-17 00:59:46,2026-06-17 00:48:11,2026-06-17 00:56:11,2026-06-17 01:00:45,2026-06-17 00:58:45,2026-06-17 00:59:45,executed,标准轮 5：15 次 pause，模拟更长时间的服务冻结
run_005,event_09,single_fault_serial,catalogue,catalogue-744d46f784-b8m2g,pause,60s,2026-06-17 01:01:36,2026-06-17 01:02:37,2026-06-17 00:48:11,2026-06-17 00:56:11,2026-06-17 01:03:35,2026-06-17 01:01:35,2026-06-17 01:02:35,executed,标准轮 5：15 次 pause，模拟更长时间的服务冻结
run_005,event_06,single_fault_serial,carts,carts-b6c5c87f9-wc5zx,pause,60s,2026-06-17 01:04:28,2026-06-17 01:05:28,2026-06-17 00:48:11,2026-06-17 00:56:11,2026-06-17 01:06:26,2026-06-17 01:04:26,2026-06-17 01:05:26,executed,标准轮 5：15 次 pause，模拟更长时间的服务冻结
run_005,event_12,single_fault_serial,orders,orders-6cfcf6794c-rc4db,pause,75s,2026-06-17 01:07:28,2026-06-17 01:08:29,2026-06-17 00:48:11,2026-06-17 00:56:11,2026-06-17 01:09:26,2026-06-17 01:07:26,2026-06-17 01:08:26,executed,标准轮 5：15 次 pause，模拟更长时间的服务冻结
run_005,event_13,single_fault_serial,front-end,front-end-87ff7b849-6bg67,pause,75s,2026-06-17 01:10:05,2026-06-17 01:11:05,2026-06-17 00:48:11,2026-06-17 00:56:11,2026-06-17 01:12:02,2026-06-17 01:10:02,2026-06-17 01:11:02,executed,标准轮 5：15 次 pause，模拟更长时间的服务冻结
run_005,event_07,single_fault_serial,orders,orders-6cfcf6794c-rc4db,pause,60s,2026-06-17 01:12:53,2026-06-17 01:13:53,2026-06-17 00:48:11,2026-06-17 00:56:11,2026-06-17 01:14:50,2026-06-17 01:12:50,2026-06-17 01:13:50,executed,标准轮 5：15 次 pause，模拟更长时间的服务冻结
run_005,event_01,single_fault_serial,carts,carts-b6c5c87f9-wc5zx,pause,60s,2026-06-17 01:15:54,2026-06-17 01:16:54,2026-06-17 00:48:11,2026-06-17 00:56:11,2026-06-17 01:17:50,2026-06-17 01:15:50,2026-06-17 01:16:50,executed,标准轮 5：15 次 pause，模拟更长时间的服务冻结
run_005,event_14,single_fault_serial,catalogue,catalogue-744d46f784-b8m2g,pause,75s,2026-06-17 01:18:47,2026-06-17 01:19:47,2026-06-17 00:48:11,2026-06-17 00:56:11,2026-06-17 01:20:43,2026-06-17 01:18:43,2026-06-17 01:19:43,executed,标准轮 5：15 次 pause，模拟更长时间的服务冻结
run_005,event_08,single_fault_serial,front-end,front-end-87ff7b849-6bg67,pause,60s,2026-06-17 01:21:27,2026-06-17 01:22:28,2026-06-17 00:48:11,2026-06-17 00:56:11,2026-06-17 01:23:23,2026-06-17 01:21:23,2026-06-17 01:22:23,executed,标准轮 5：15 次 pause，模拟更长时间的服务冻结
run_005,event_10,single_fault_serial,user,user-9c64594b7-ww7bs,pause,60s,2026-06-17 01:24:21,2026-06-17 01:25:21,2026-06-17 00:48:11,2026-06-17 00:56:11,2026-06-17 01:26:16,2026-06-17 01:24:16,2026-06-17 01:25:16,executed,标准轮 5：15 次 pause，模拟更长时间的服务冻结
run_005,event_03,single_fault_serial,front-end,front-end-87ff7b849-6bg67,pause,60s,2026-06-17 01:27:21,2026-06-17 01:28:22,2026-06-17 00:48:11,2026-06-17 00:56:11,2026-06-17 01:29:16,2026-06-17 01:27:16,2026-06-17 01:28:16,executed,标准轮 5：15 次 pause，模拟更长时间的服务冻结
run_005,event_02,single_fault_serial,orders,orders-6cfcf6794c-rc4db,pause,60s,2026-06-17 01:30:20,2026-06-17 01:31:20,2026-06-17 00:48:11,2026-06-17 00:56:11,2026-06-17 01:32:14,2026-06-17 01:30:14,2026-06-17 01:31:14,executed,标准轮 5：15 次 pause，模拟更长时间的服务冻结
run_005,event_04,single_fault_serial,catalogue,catalogue-744d46f784-b8m2g,pause,60s,2026-06-17 01:32:50,2026-06-17 01:33:50,2026-06-17 00:48:11,2026-06-17 00:56:11,2026-06-17 01:34:44,2026-06-17 01:32:44,2026-06-17 01:33:44,executed,标准轮 5：15 次 pause，模拟更长时间的服务冻结
run_005,event_15,single_fault_serial,user,user-9c64594b7-ww7bs,pause,75s,2026-06-17 01:35:37,2026-06-17 01:36:37,2026-06-17 00:48:11,2026-06-17 00:56:11,2026-06-17 01:37:30,2026-06-17 01:35:30,2026-06-17 01:36:30,executed,标准轮 5：15 次 pause，模拟更长时间的服务冻结
run_006,event_09,single_fault_serial,catalogue,catalogue-744d46f784-b8m2g,pause,60s,2026-06-17 09:02:11,2026-06-17 09:03:12,2026-06-17 08:54:11,2026-06-17 09:02:11,2026-06-17 09:04:11,2026-06-17 09:02:11,2026-06-17 09:03:11,executed,标准轮 6：run_005 的重复轮，用于重复性检验
run_006,event_01,single_fault_serial,carts,carts-b6c5c87f9-wc5zx,pause,60s,2026-06-17 09:04:46,2026-06-17 09:05:46,2026-06-17 08:54:11,2026-06-17 09:02:11,2026-06-17 09:06:45,2026-06-17 09:04:45,2026-06-17 09:05:45,executed,标准轮 6：run_005 的重复轮，用于重复性检验
run_006,event_05,single_fault_serial,user,user-9c64594b7-ww7bs,pause,60s,2026-06-17 09:07:39,2026-06-17 09:08:40,2026-06-17 08:54:11,2026-06-17 09:02:11,2026-06-17 09:09:38,2026-06-17 09:07:38,2026-06-17 09:08:38,executed,标准轮 6：run_005 的重复轮，用于重复性检验
run_006,event_14,single_fault_serial,catalogue,catalogue-744d46f784-b8m2g,pause,75s,2026-06-17 09:10:17,2026-06-17 09:11:17,2026-06-17 08:54:11,2026-06-17 09:02:11,2026-06-17 09:12:15,2026-06-17 09:10:15,2026-06-17 09:11:15,executed,标准轮 6：run_005 的重复轮，用于重复性检验
run_006,event_10,single_fault_serial,user,user-9c64594b7-ww7bs,pause,60s,2026-06-17 09:12:55,2026-06-17 09:13:55,2026-06-17 08:54:11,2026-06-17 09:02:11,2026-06-17 09:14:53,2026-06-17 09:12:53,2026-06-17 09:13:53,executed,标准轮 6：run_005 的重复轮，用于重复性检验
run_006,event_03,single_fault_serial,front-end,front-end-87ff7b849-6bg67,pause,60s,2026-06-17 09:15:56,2026-06-17 09:16:56,2026-06-17 08:54:11,2026-06-17 09:02:11,2026-06-17 09:17:53,2026-06-17 09:15:53,2026-06-17 09:16:53,executed,标准轮 6：run_005 的重复轮，用于重复性检验
run_006,event_02,single_fault_serial,orders,orders-6cfcf6794c-rc4db,pause,60s,2026-06-17 09:18:47,2026-06-17 09:19:47,2026-06-17 08:54:11,2026-06-17 09:02:11,2026-06-17 09:20:44,2026-06-17 09:18:44,2026-06-17 09:19:44,executed,标准轮 6：run_005 的重复轮，用于重复性检验
run_006,event_11,single_fault_serial,carts,carts-b6c5c87f9-wc5zx,pause,75s,2026-06-17 09:21:30,2026-06-17 09:22:31,2026-06-17 08:54:11,2026-06-17 09:02:11,2026-06-17 09:23:27,2026-06-17 09:21:27,2026-06-17 09:22:27,executed,标准轮 6：run_005 的重复轮，用于重复性检验
run_006,event_04,single_fault_serial,catalogue,catalogue-744d46f784-b8m2g,pause,60s,2026-06-17 09:24:21,2026-06-17 09:25:21,2026-06-17 08:54:11,2026-06-17 09:02:11,2026-06-17 09:26:17,2026-06-17 09:24:17,2026-06-17 09:25:17,executed,标准轮 6：run_005 的重复轮，用于重复性检验
run_006,event_13,single_fault_serial,front-end,front-end-87ff7b849-6bg67,pause,75s,2026-06-17 09:27:12,2026-06-17 09:28:13,2026-06-17 08:54:11,2026-06-17 09:02:11,2026-06-17 09:29:08,2026-06-17 09:27:08,2026-06-17 09:28:08,executed,标准轮 6：run_005 的重复轮，用于重复性检验
run_006,event_07,single_fault_serial,orders,orders-6cfcf6794c-rc4db,pause,60s,2026-06-17 09:29:52,2026-06-17 09:30:52,2026-06-17 08:54:11,2026-06-17 09:02:11,2026-06-17 09:31:47,2026-06-17 09:29:47,2026-06-17 09:30:47,executed,标准轮 6：run_005 的重复轮，用于重复性检验
run_006,event_12,single_fault_serial,orders,orders-6cfcf6794c-rc4db,pause,75s,2026-06-17 09:32:37,2026-06-17 09:33:37,2026-06-17 08:54:11,2026-06-17 09:02:11,2026-06-17 09:34:32,2026-06-17 09:32:32,2026-06-17 09:33:32,executed,标准轮 6：run_005 的重复轮，用于重复性检验
run_006,event_06,single_fault_serial,carts,carts-b6c5c87f9-wc5zx,pause,60s,2026-06-17 09:35:21,2026-06-17 09:36:21,2026-06-17 08:54:11,2026-06-17 09:02:11,2026-06-17 09:37:15,2026-06-17 09:35:15,2026-06-17 09:36:15,executed,标准轮 6：run_005 的重复轮，用于重复性检验
run_006,event_15,single_fault_serial,user,user-9c64594b7-ww7bs,pause,75s,2026-06-17 09:37:54,2026-06-17 09:38:54,2026-06-17 08:54:11,2026-06-17 09:02:11,2026-06-17 09:39:48,2026-06-17 09:37:48,2026-06-17 09:38:48,executed,标准轮 6：run_005 的重复轮，用于重复性检验
run_006,event_08,single_fault_serial,front-end,front-end-87ff7b849-6bg67,pause,60s,2026-06-17 09:40:46,2026-06-17 09:41:46,2026-06-17 08:54:11,2026-06-17 09:02:11,2026-06-17 09:42:39,2026-06-17 09:40:39,2026-06-17 09:41:39,executed,标准轮 6：run_005 的重复轮，用于重复性检验
run_007,event_01,composite_serial,carts,carts-b6c5c87f9-wc5zx,pause,60s,2026-06-17 09:57:17,2026-06-17 09:58:17,2026-06-17 09:47:17,2026-06-17 09:57:17,2026-06-17 09:59:17,2026-06-17 09:57:17,2026-06-17 09:58:17,executed,挑战轮 1：5 服务 pause -> kill -> pause，观察冻结与实例消失的复合异常
run_007,event_02,composite_serial,carts,carts-b6c5c87f9-wc5zx,kill,-,2026-06-17 10:00:29,2026-06-17 10:02:01,2026-06-17 09:47:17,2026-06-17 09:57:17,2026-06-17 10:02:29,2026-06-17 10:00:29,2026-06-17 10:01:29,executed,挑战轮 1：5 服务 pause -> kill -> pause，观察冻结与实例消失的复合异常
run_007,event_03,composite_serial,carts,carts-b6c5c87f9-4tk76,pause,75s,2026-06-17 10:04:19,2026-06-17 10:05:19,2026-06-17 09:47:17,2026-06-17 09:57:17,2026-06-17 10:05:47,2026-06-17 10:03:47,2026-06-17 10:04:47,executed,挑战轮 1：5 服务 pause -> kill -> pause，观察冻结与实例消失的复合异常
run_007,event_04,composite_serial,orders,orders-6cfcf6794c-rc4db,pause,60s,2026-06-17 10:07:13,2026-06-17 10:08:14,2026-06-17 09:47:17,2026-06-17 09:57:17,2026-06-17 10:08:41,2026-06-17 10:06:41,2026-06-17 10:07:41,executed,挑战轮 1：5 服务 pause -> kill -> pause，观察冻结与实例消失的复合异常
run_007,event_05,composite_serial,orders,orders-6cfcf6794c-rc4db,kill,-,2026-06-17 10:10:04,2026-06-17 10:11:35,2026-06-17 09:47:17,2026-06-17 09:57:17,2026-06-17 10:11:31,2026-06-17 10:09:31,2026-06-17 10:10:31,executed,挑战轮 1：5 服务 pause -> kill -> pause，观察冻结与实例消失的复合异常
run_007,event_06,composite_serial,orders,orders-6cfcf6794c-th6tb,pause,75s,2026-06-17 10:13:16,2026-06-17 10:14:16,2026-06-17 09:47:17,2026-06-17 09:57:17,2026-06-17 10:14:12,2026-06-17 10:12:12,2026-06-17 10:13:12,executed,挑战轮 1：5 服务 pause -> kill -> pause，观察冻结与实例消失的复合异常
run_007,event_07,composite_serial,front-end,front-end-87ff7b849-6bg67,pause,60s,2026-06-17 10:16:18,2026-06-17 10:17:19,2026-06-17 09:47:17,2026-06-17 09:57:17,2026-06-17 10:17:14,2026-06-17 10:15:14,2026-06-17 10:16:14,executed,挑战轮 1：5 服务 pause -> kill -> pause，观察冻结与实例消失的复合异常
run_007,event_08,composite_serial,front-end,front-end-87ff7b849-6bg67,kill,-,2026-06-17 10:19:08,2026-06-17 10:20:39,2026-06-17 09:47:17,2026-06-17 09:57:17,2026-06-17 10:20:03,2026-06-17 10:18:03,2026-06-17 10:19:03,executed,挑战轮 1：5 服务 pause -> kill -> pause，观察冻结与实例消失的复合异常
run_007,event_09,composite_serial,front-end,front-end-87ff7b849-fvkr6,pause,75s,2026-06-17 10:22:50,2026-06-17 10:23:50,2026-06-17 09:47:17,2026-06-17 09:57:17,2026-06-17 10:23:14,2026-06-17 10:21:14,2026-06-17 10:22:14,executed,挑战轮 1：5 服务 pause -> kill -> pause，观察冻结与实例消失的复合异常
run_007,event_10,composite_serial,catalogue,catalogue-744d46f784-b8m2g,pause,60s,2026-06-17 10:25:35,2026-06-17 10:26:35,2026-06-17 09:47:17,2026-06-17 09:57:17,2026-06-17 10:25:59,2026-06-17 10:23:59,2026-06-17 10:24:59,executed,挑战轮 1：5 服务 pause -> kill -> pause，观察冻结与实例消失的复合异常
run_007,event_11,composite_serial,catalogue,catalogue-744d46f784-b8m2g,kill,-,2026-06-17 10:28:19,2026-06-17 10:29:19,2026-06-17 09:47:17,2026-06-17 09:57:17,2026-06-17 10:28:42,2026-06-17 10:26:42,2026-06-17 10:27:42,executed,挑战轮 1：5 服务 pause -> kill -> pause，观察冻结与实例消失的复合异常
run_007,event_12,composite_serial,catalogue,catalogue-744d46f784-ksqnx,pause,75s,2026-06-17 10:31:19,2026-06-17 10:32:20,2026-06-17 09:47:17,2026-06-17 09:57:17,2026-06-17 10:31:42,2026-06-17 10:29:42,2026-06-17 10:30:42,executed,挑战轮 1：5 服务 pause -> kill -> pause，观察冻结与实例消失的复合异常
run_007,event_13,composite_serial,user,user-9c64594b7-ww7bs,pause,60s,2026-06-17 10:34:23,2026-06-17 10:35:23,2026-06-17 09:47:17,2026-06-17 09:57:17,2026-06-17 10:34:45,2026-06-17 10:32:45,2026-06-17 10:33:45,executed,挑战轮 1：5 服务 pause -> kill -> pause，观察冻结与实例消失的复合异常
run_007,event_14,composite_serial,user,user-9c64594b7-ww7bs,kill,-,2026-06-17 10:37:11,2026-06-17 10:38:12,2026-06-17 09:47:17,2026-06-17 09:57:17,2026-06-17 10:37:33,2026-06-17 10:35:33,2026-06-17 10:36:33,executed,挑战轮 1：5 服务 pause -> kill -> pause，观察冻结与实例消失的复合异常
run_007,event_15,composite_serial,user,user-9c64594b7-qht2h,pause,75s,2026-06-17 10:40:03,2026-06-17 10:41:03,2026-06-17 09:47:17,2026-06-17 09:57:17,2026-06-17 10:40:24,2026-06-17 10:38:24,2026-06-17 10:39:24,executed,挑战轮 1：5 服务 pause -> kill -> pause，观察冻结与实例消失的复合异常
run_008,event_01,composite_serial,carts,carts-b6c5c87f9-4tk76,kill,-,2026-06-17 10:57:34,2026-06-17 10:59:06,2026-06-17 10:47:34,2026-06-17 10:57:34,2026-06-17 10:59:34,2026-06-17 10:57:34,2026-06-17 10:58:34,executed,挑战轮 2：5 服务 kill -> pause -> kill，观察恢复后的再次冻结与中断
run_008,event_02,composite_serial,carts,carts-b6c5c87f9-zl4f7,pause,60s,2026-06-17 11:01:03,2026-06-17 11:02:03,2026-06-17 10:47:34,2026-06-17 10:57:34,2026-06-17 11:02:31,2026-06-17 11:00:31,2026-06-17 11:01:31,executed,挑战轮 2：5 服务 kill -> pause -> kill，观察恢复后的再次冻结与中断
run_008,event_03,composite_serial,carts,carts-b6c5c87f9-zl4f7,kill,-,2026-06-17 11:04:16,2026-06-17 11:05:47,2026-06-17 10:47:34,2026-06-17 10:57:34,2026-06-17 11:05:44,2026-06-17 11:03:44,2026-06-17 11:04:44,executed,挑战轮 2：5 服务 kill -> pause -> kill，观察恢复后的再次冻结与中断
run_008,event_04,composite_serial,orders,orders-6cfcf6794c-th6tb,kill,-,2026-06-17 11:07:39,2026-06-17 11:09:11,2026-06-17 10:47:34,2026-06-17 10:57:34,2026-06-17 11:08:36,2026-06-17 11:06:36,2026-06-17 11:07:36,executed,挑战轮 2：5 服务 kill -> pause -> kill，观察恢复后的再次冻结与中断
run_008,event_05,composite_serial,orders,orders-6cfcf6794c-45k9p,pause,60s,2026-06-17 11:10:54,2026-06-17 11:11:54,2026-06-17 10:47:34,2026-06-17 10:57:34,2026-06-17 11:11:19,2026-06-17 11:09:19,2026-06-17 11:10:19,executed,挑战轮 2：5 服务 kill -> pause -> kill，观察恢复后的再次冻结与中断
run_008,event_06,composite_serial,orders,orders-6cfcf6794c-45k9p,kill,-,2026-06-17 11:14:10,2026-06-17 11:15:41,2026-06-17 10:47:34,2026-06-17 10:57:34,2026-06-17 11:14:35,2026-06-17 11:12:35,2026-06-17 11:13:35,executed,挑战轮 2：5 服务 kill -> pause -> kill，观察恢复后的再次冻结与中断
run_008,event_07,composite_serial,front-end,front-end-87ff7b849-fvkr6,kill,-,2026-06-17 11:17:57,2026-06-17 11:19:28,2026-06-17 10:47:34,2026-06-17 10:57:34,2026-06-17 11:17:51,2026-06-17 11:15:51,2026-06-17 11:16:51,executed,挑战轮 2：5 服务 kill -> pause -> kill，观察恢复后的再次冻结与中断
run_008,event_08,composite_serial,front-end,front-end-87ff7b849-h8z7s,pause,60s,2026-06-17 11:21:24,2026-06-17 11:22:24,2026-06-17 10:47:34,2026-06-17 10:57:34,2026-06-17 11:20:47,2026-06-17 11:18:47,2026-06-17 11:19:47,executed,挑战轮 2：5 服务 kill -> pause -> kill，观察恢复后的再次冻结与中断
run_008,event_09,composite_serial,front-end,front-end-87ff7b849-h8z7s,kill,-,2026-06-17 11:24:40,2026-06-17 11:26:11,2026-06-17 10:47:34,2026-06-17 10:57:34,2026-06-17 11:24:03,2026-06-17 11:22:03,2026-06-17 11:23:03,executed,挑战轮 2：5 服务 kill -> pause -> kill，观察恢复后的再次冻结与中断
run_008,event_10,composite_serial,catalogue,catalogue-744d46f784-ksqnx,kill,-,2026-06-17 11:28:30,2026-06-17 11:29:31,2026-06-17 10:47:34,2026-06-17 10:57:34,2026-06-17 11:27:22,2026-06-17 11:25:22,2026-06-17 11:26:22,executed,挑战轮 2：5 服务 kill -> pause -> kill，观察恢复后的再次冻结与中断
run_008,event_11,composite_serial,catalogue,catalogue-744d46f784-xmbmw,pause,60s,2026-06-17 11:31:40,2026-06-17 11:32:41,2026-06-17 10:47:34,2026-06-17 10:57:34,2026-06-17 11:30:31,2026-06-17 11:28:31,2026-06-17 11:29:31,executed,挑战轮 2：5 服务 kill -> pause -> kill，观察恢复后的再次冻结与中断
run_008,event_12,composite_serial,catalogue,catalogue-744d46f784-xmbmw,kill,-,2026-06-17 11:34:37,2026-06-17 11:35:37,2026-06-17 10:47:34,2026-06-17 10:57:34,2026-06-17 11:33:27,2026-06-17 11:31:27,2026-06-17 11:32:27,executed,挑战轮 2：5 服务 kill -> pause -> kill，观察恢复后的再次冻结与中断
run_008,event_13,composite_serial,user,user-9c64594b7-qht2h,kill,-,2026-06-17 11:37:57,2026-06-17 11:38:59,2026-06-17 10:47:34,2026-06-17 10:57:34,2026-06-17 11:36:47,2026-06-17 11:34:47,2026-06-17 11:35:47,executed,挑战轮 2：5 服务 kill -> pause -> kill，观察恢复后的再次冻结与中断
run_008,event_14,composite_serial,user,user-9c64594b7-l6xl9,pause,60s,2026-06-17 11:41:08,2026-06-17 11:42:08,2026-06-17 10:47:34,2026-06-17 10:57:34,2026-06-17 11:39:56,2026-06-17 11:37:56,2026-06-17 11:38:56,executed,挑战轮 2：5 服务 kill -> pause -> kill，观察恢复后的再次冻结与中断
run_008,event_15,composite_serial,user,user-9c64594b7-l6xl9,kill,-,2026-06-17 11:44:10,2026-06-17 11:45:11,2026-06-17 10:47:34,2026-06-17 10:57:34,2026-06-17 11:42:58,2026-06-17 11:40:58,2026-06-17 11:41:58,executed,挑战轮 2：5 服务 kill -> pause -> kill，观察恢复后的再次冻结与中断
run_009,event_01,composite_serial,carts,carts-b6c5c87f9-z82tj,kill,-,2026-06-17 12:01:42,2026-06-17 12:03:13,2026-06-17 11:51:42,2026-06-17 12:01:42,2026-06-17 12:03:42,2026-06-17 12:01:42,2026-06-17 12:02:42,executed,挑战轮 3：跨服务交错 kill/pause，共 15 个事件，模拟更真实的异构扰动序列
run_009,event_02,composite_serial,orders,orders-6cfcf6794c-slsx7,pause,60s,2026-06-17 12:05:30,2026-06-17 12:06:30,2026-06-17 11:51:42,2026-06-17 12:01:42,2026-06-17 12:06:59,2026-06-17 12:04:59,2026-06-17 12:05:59,executed,挑战轮 3：跨服务交错 kill/pause，共 15 个事件，模拟更真实的异构扰动序列
run_009,event_03,composite_serial,front-end,front-end-87ff7b849-n8rbg,kill,-,2026-06-17 12:08:52,2026-06-17 12:10:23,2026-06-17 11:51:42,2026-06-17 12:01:42,2026-06-17 12:10:20,2026-06-17 12:08:20,2026-06-17 12:09:20,executed,挑战轮 3：跨服务交错 kill/pause，共 15 个事件，模拟更真实的异构扰动序列
run_009,event_04,composite_serial,catalogue,catalogue-744d46f784-x7bv8,pause,60s,2026-06-17 12:12:23,2026-06-17 12:13:24,2026-06-17 11:51:42,2026-06-17 12:01:42,2026-06-17 12:13:20,2026-06-17 12:11:20,2026-06-17 12:12:20,executed,挑战轮 3：跨服务交错 kill/pause，共 15 个事件，模拟更真实的异构扰动序列
run_009,event_05,composite_serial,user,user-9c64594b7-g6rb4,kill,-,2026-06-17 12:15:29,2026-06-17 12:16:29,2026-06-17 11:51:42,2026-06-17 12:01:42,2026-06-17 12:16:25,2026-06-17 12:14:25,2026-06-17 12:15:25,executed,挑战轮 3：跨服务交错 kill/pause，共 15 个事件，模拟更真实的异构扰动序列
run_009,event_06,composite_serial,orders,orders-6cfcf6794c-slsx7,pause,60s,2026-06-17 12:18:59,2026-06-17 12:20:00,2026-06-17 11:51:42,2026-06-17 12:01:42,2026-06-17 12:19:55,2026-06-17 12:17:55,2026-06-17 12:18:55,executed,挑战轮 3：跨服务交错 kill/pause，共 15 个事件，模拟更真实的异构扰动序列
run_009,event_07,composite_serial,front-end,front-end-87ff7b849-zdg7h,kill,-,2026-06-17 12:22:18,2026-06-17 12:23:48,2026-06-17 11:51:42,2026-06-17 12:01:42,2026-06-17 12:23:13,2026-06-17 12:21:13,2026-06-17 12:22:13,executed,挑战轮 3：跨服务交错 kill/pause，共 15 个事件，模拟更真实的异构扰动序列
run_009,event_08,composite_serial,catalogue,catalogue-744d46f784-x7bv8,pause,60s,2026-06-17 12:25:57,2026-06-17 12:26:58,2026-06-17 11:51:42,2026-06-17 12:01:42,2026-06-17 12:26:22,2026-06-17 12:24:22,2026-06-17 12:25:22,executed,挑战轮 3：跨服务交错 kill/pause，共 15 个事件，模拟更真实的异构扰动序列
run_009,event_09,composite_serial,user,user-9c64594b7-gn2rk,kill,-,2026-06-17 12:29:00,2026-06-17 12:30:00,2026-06-17 11:51:42,2026-06-17 12:01:42,2026-06-17 12:29:24,2026-06-17 12:27:24,2026-06-17 12:28:24,executed,挑战轮 3：跨服务交错 kill/pause，共 15 个事件，模拟更真实的异构扰动序列
run_009,event_10,composite_serial,carts,carts-b6c5c87f9-mgbz4,pause,60s,2026-06-17 12:32:20,2026-06-17 12:33:21,2026-06-17 11:51:42,2026-06-17 12:01:42,2026-06-17 12:32:44,2026-06-17 12:30:44,2026-06-17 12:31:44,executed,挑战轮 3：跨服务交错 kill/pause，共 15 个事件，模拟更真实的异构扰动序列
run_009,event_11,composite_serial,front-end,front-end-87ff7b849-b2vdn,kill,-,2026-06-17 12:35:42,2026-06-17 12:37:13,2026-06-17 11:51:42,2026-06-17 12:01:42,2026-06-17 12:36:05,2026-06-17 12:34:05,2026-06-17 12:35:05,executed,挑战轮 3：跨服务交错 kill/pause，共 15 个事件，模拟更真实的异构扰动序列
run_009,event_12,composite_serial,catalogue,catalogue-744d46f784-x7bv8,pause,60s,2026-06-17 12:39:18,2026-06-17 12:40:19,2026-06-17 11:51:42,2026-06-17 12:01:42,2026-06-17 12:39:10,2026-06-17 12:37:10,2026-06-17 12:38:10,executed,挑战轮 3：跨服务交错 kill/pause，共 15 个事件，模拟更真实的异构扰动序列
run_009,event_13,composite_serial,user,user-9c64594b7-fv4n6,kill,-,2026-06-17 12:42:21,2026-06-17 12:43:21,2026-06-17 11:51:42,2026-06-17 12:01:42,2026-06-17 12:42:12,2026-06-17 12:40:12,2026-06-17 12:41:12,executed,挑战轮 3：跨服务交错 kill/pause，共 15 个事件，模拟更真实的异构扰动序列
run_009,event_14,composite_serial,carts,carts-b6c5c87f9-mgbz4,pause,60s,2026-06-17 12:45:32,2026-06-17 12:46:33,2026-06-17 11:51:42,2026-06-17 12:01:42,2026-06-17 12:45:23,2026-06-17 12:43:23,2026-06-17 12:44:23,executed,挑战轮 3：跨服务交错 kill/pause，共 15 个事件，模拟更真实的异构扰动序列
run_009,event_15,composite_serial,orders,orders-6cfcf6794c-slsx7,kill,-,2026-06-17 12:48:38,2026-06-17 12:50:09,2026-06-17 11:51:42,2026-06-17 12:01:42,2026-06-17 12:48:28,2026-06-17 12:46:28,2026-06-17 12:47:28,executed,挑战轮 3：跨服务交错 kill/pause，共 15 个事件，模拟更真实的异构扰动序列
run_010,event_06,composite_serial,carts,carts-b6c5c87f9-mgbz4,kill,-,2026-06-17 13:06:40,2026-06-17 13:08:11,2026-06-17 12:56:40,2026-06-17 13:06:40,2026-06-17 13:08:40,2026-06-17 13:06:40,2026-06-17 13:07:40,executed,挑战轮 4：更长间隔和更强随机性的 15 事件混合故障轮，接近真实生产扰动
run_010,event_05,composite_serial,front-end,front-end-87ff7b849-ldxfl,pause,60s,2026-06-17 13:10:58,2026-06-17 13:11:58,2026-06-17 12:56:40,2026-06-17 13:06:40,2026-06-17 13:12:26,2026-06-17 13:10:26,2026-06-17 13:11:26,executed,挑战轮 4：更长间隔和更强随机性的 15 事件混合故障轮，接近真实生产扰动
run_010,event_03,composite_serial,orders,orders-6cfcf6794c-8f9wn,pause,60s,2026-06-17 13:14:52,2026-06-17 13:15:52,2026-06-17 12:56:40,2026-06-17 13:06:40,2026-06-17 13:16:20,2026-06-17 13:14:20,2026-06-17 13:15:20,executed,挑战轮 4：更长间隔和更强随机性的 15 事件混合故障轮，接近真实生产扰动
run_010,event_09,composite_serial,catalogue,catalogue-744d46f784-x7bv8,pause,75s,2026-06-17 13:18:46,2026-06-17 13:19:47,2026-06-17 12:56:40,2026-06-17 13:06:40,2026-06-17 13:20:14,2026-06-17 13:18:14,2026-06-17 13:19:14,executed,挑战轮 4：更长间隔和更强随机性的 15 事件混合故障轮，接近真实生产扰动
run_010,event_11,composite_serial,user,user-9c64594b7-l7vhz,pause,90s,2026-06-17 13:21:54,2026-06-17 13:22:54,2026-06-17 12:56:40,2026-06-17 13:06:40,2026-06-17 13:23:21,2026-06-17 13:21:21,2026-06-17 13:22:21,executed,挑战轮 4：更长间隔和更强随机性的 15 事件混合故障轮，接近真实生产扰动
run_010,event_14,composite_serial,orders,orders-6cfcf6794c-8f9wn,kill,-,2026-06-17 13:25:28,2026-06-17 13:26:59,2026-06-17 12:56:40,2026-06-17 13:06:40,2026-06-17 13:26:55,2026-06-17 13:24:55,2026-06-17 13:25:55,executed,挑战轮 4：更长间隔和更强随机性的 15 事件混合故障轮，接近真实生产扰动
run_010,event_08,composite_serial,user,user-9c64594b7-l7vhz,kill,-,2026-06-17 13:29:03,2026-06-17 13:30:04,2026-06-17 12:56:40,2026-06-17 13:06:40,2026-06-17 13:29:59,2026-06-17 13:27:59,2026-06-17 13:28:59,executed,挑战轮 4：更长间隔和更强随机性的 15 事件混合故障轮，接近真实生产扰动
run_010,event_13,composite_serial,catalogue,catalogue-744d46f784-x7bv8,pause,90s,2026-06-17 13:32:32,2026-06-17 13:33:33,2026-06-17 12:56:40,2026-06-17 13:06:40,2026-06-17 13:33:27,2026-06-17 13:31:27,2026-06-17 13:32:27,executed,挑战轮 4：更长间隔和更强随机性的 15 事件混合故障轮，接近真实生产扰动
run_010,event_01,composite_serial,carts,carts-b6c5c87f9-zwfmg,pause,60s,2026-06-17 13:35:41,2026-06-17 13:36:41,2026-06-17 12:56:40,2026-06-17 13:06:40,2026-06-17 13:36:35,2026-06-17 13:34:35,2026-06-17 13:35:35,executed,挑战轮 4：更长间隔和更强随机性的 15 事件混合故障轮，接近真实生产扰动
run_010,event_10,composite_serial,front-end,front-end-87ff7b849-ldxfl,kill,-,2026-06-17 13:39:22,2026-06-17 13:40:53,2026-06-17 12:56:40,2026-06-17 13:06:40,2026-06-17 13:40:16,2026-06-17 13:38:16,2026-06-17 13:39:16,executed,挑战轮 4：更长间隔和更强随机性的 15 事件混合故障轮，接近真实生产扰动
run_010,event_07,composite_serial,orders,orders-6cfcf6794c-qdd7m,pause,75s,2026-06-17 13:43:20,2026-06-17 13:44:20,2026-06-17 12:56:40,2026-06-17 13:06:40,2026-06-17 13:43:42,2026-06-17 13:41:42,2026-06-17 13:42:42,executed,挑战轮 4：更长间隔和更强随机性的 15 事件混合故障轮，接近真实生产扰动
run_010,event_12,composite_serial,carts,carts-b6c5c87f9-zwfmg,kill,-,2026-06-17 13:47:20,2026-06-17 13:48:51,2026-06-17 12:56:40,2026-06-17 13:06:40,2026-06-17 13:47:42,2026-06-17 13:45:42,2026-06-17 13:46:42,executed,挑战轮 4：更长间隔和更强随机性的 15 事件混合故障轮，接近真实生产扰动
run_010,event_15,composite_serial,front-end,front-end-87ff7b849-n5r7t,pause,90s,2026-06-17 13:50:59,2026-06-17 13:51:59,2026-06-17 12:56:40,2026-06-17 13:06:40,2026-06-17 13:50:50,2026-06-17 13:48:50,2026-06-17 13:49:50,executed,挑战轮 4：更长间隔和更强随机性的 15 事件混合故障轮，接近真实生产扰动
run_010,event_04,composite_serial,catalogue,catalogue-744d46f784-x7bv8,kill,-,2026-06-17 13:54:20,2026-06-17 13:55:21,2026-06-17 12:56:40,2026-06-17 13:06:40,2026-06-17 13:54:11,2026-06-17 13:52:11,2026-06-17 13:53:11,executed,挑战轮 4：更长间隔和更强随机性的 15 事件混合故障轮，接近真实生产扰动
run_010,event_02,composite_serial,user,user-9c64594b7-t4wjp,kill,-,2026-06-17 13:58:10,2026-06-17 13:59:11,2026-06-17 12:56:40,2026-06-17 13:06:40,2026-06-17 13:58:00,2026-06-17 13:56:00,2026-06-17 13:57:00,executed,挑战轮 4：更长间隔和更强随机性的 15 事件混合故障轮，接近真实生产扰动
